0, 68140, 96618.89, 99551, 449
1, 99400, 99442.08, 99551, 449
2, 99424, 99461.38, 99564, 436
3, 99441, 99473.34, 99564, 436
4, 99451, 99482.54, 99564, 436
5, 99462, 99492.34, 99599, 401
6, 99470, 99498.41, 99599, 401
7, 99477, 99504.62, 99599, 401
8, 99483, 99511.56, 99599, 401
9, 99489, 99516.58, 99599, 401
10, 99494, 99520.29, 99599, 401
11, 99498, 99522.94, 99599, 401
12, 99504, 99527.04, 99599, 401
13, 99507, 99530.5, 99599, 401
14, 99512, 99533.46, 99599, 401
15, 99515, 99536.32, 99599, 401
16, 99519, 99539.9, 99599, 401
17, 99521, 99542.32, 99599, 401
18, 99523, 99544.8, 99599, 401
19, 99526, 99546.71, 99599, 401
20, 99529, 99549.56, 99599, 401
21, 99531, 99551.7, 99599, 401
22, 99533, 99553.66, 99599, 401
23, 99537, 99556.2, 99599, 401
24, 99539, 99558.58, 99599, 401
25, 99541, 99560.34, 99621, 379
26, 99543, 99561.94, 99621, 379
27, 99547, 99563.8, 99621, 379
28, 99548, 99565.52, 99621, 379
29, 99550, 99567.06, 99621, 379
30, 99551, 99568.3, 99621, 379
31, 99552, 99570.08, 99621, 379
32, 99555, 99572.34, 99621, 379
33, 99558, 99574.38, 99621, 379
34, 99560, 99576.3, 99621, 379
35, 99562, 99577.22, 99621, 379
36, 99564, 99578.5, 99621, 379
37, 99566, 99580.05, 99621, 379
38, 99567, 99581.46, 99621, 379
39, 99568, 99582.34, 99621, 379
40, 99571, 99583.56, 99621, 379
41, 99572, 99584.36, 99621, 379
42, 99573, 99585.84, 99621, 379
43, 99573, 99586.9, 99621, 379
44, 99574, 99588.03, 99621, 379
45, 99576, 99589.06, 99621, 379
46, 99577, 99590.16, 99621, 379
47, 99579, 99591.12, 99621, 379
48, 99580, 99592.2, 99621, 379
49, 99581, 99592.76, 99621, 379
50, 99583, 99593.72, 99621, 379
51, 99584, 99594.94, 99621, 379
52, 99585, 99596.1, 99621, 379
53, 99586, 99596.75, 99621, 379
54, 99588, 99597.78, 99621, 379
55, 99589, 99599.06, 99621, 379
56, 99590, 99600.02, 99621, 379
57, 99591, 99601.04, 99621, 379
58, 99592, 99601.6, 99621, 379
59, 99594, 99603.27, 99621, 379
60, 99595, 99604.2, 99624, 376
61, 99596, 99605.3, 99624, 376
62, 99597, 99606.06, 99624, 376
63, 99599, 99606.94, 99624, 376
64, 99599, 99607.7, 99624, 376
65, 99600, 99608.32, 99624, 376
66, 99601, 99609.28, 99625, 375
67, 99603, 99610.4, 99625, 375
68, 99603, 99611.14, 99625, 375
69, 99605, 99612, 99625, 375
70, 99605, 99612.84, 99625, 375
71, 99606, 99613.51, 99625, 375
72, 99607, 99614, 99625, 375
73, 99609, 99614.36, 99625, 375
74, 99609, 99615.04, 99625, 375
75, 99610, 99615.54, 99625, 375
76, 99610, 99616.12, 99625, 375
77, 99611, 99616.8, 99625, 375
78, 99612, 99617.22, 99625, 375
79, 99613, 99617.66, 99625, 375
80, 99617, 99618.2, 99625, 375
81, 99618, 99618.23, 99625, 375
82, 99618, 99618.23, 99625, 375
83, 99618, 99618.23, 99625, 375
84, 99618, 99618.23, 99625, 375
85, 99618, 99618.23, 99625, 375
86, 99618, 99618.23, 99625, 375
87, 99618, 99618.23, 99625, 375
88, 99618, 99618.23, 99625, 375
89, 99618, 99618.23, 99625, 375
90, 99618, 99618.23, 99625, 375
91, 99618, 99618.27, 99625, 375
92, 99618, 99618.27, 99625, 375
93, 99618, 99618.31, 99625, 375
94, 99618, 99618.31, 99625, 375
95, 99618, 99618.37, 99625, 375
96, 99618, 99618.37, 99625, 375
97, 99618, 99618.41, 99625, 375
98, 99618, 99618.41, 99625, 375
99, 99618, 99618.51, 99625, 375
100, 99618, 99618.57, 99625, 375
101, 99618, 99618.68, 99625, 375
102, 99618, 99618.79, 99625, 375
103, 99618, 99618.79, 99625, 375
104, 99618, 99618.83, 99625, 375
105, 99618, 99618.84, 99625, 375
106, 99618, 99619.05, 99625, 375
107, 99618, 99619.13, 99625, 375
108, 99618, 99619.18, 99625, 375
109, 99618, 99619.35, 99625, 375
110, 99618, 99619.61, 99625, 375
111, 99618, 99619.75, 99625, 375
112, 99618, 99619.92, 99625, 375
113, 99618, 99620.13, 99625, 375
114, 99618, 99620.41, 99625, 375
115, 99618, 99620.55, 99625, 375
116, 99618, 99620.89, 99625, 375
117, 99618, 99621.16, 99625, 375
118, 99618, 99621.48, 99625, 375
119, 99618, 99621.75, 99625, 375
120, 99618, 99622.43, 99625, 375
121, 99618, 99623.19, 99625, 375
122, 99618, 99623.78, 99625, 375
123, 99621, 99624.34, 99625, 375
124, 99624, 99624.81, 99625, 375
125, 99624, 99624.84, 99625, 375
126, 99625, 99624.84, 99625, 375
127, 99625, 99624.84, 99625, 375
128, 99625, 99624.84, 99625, 375
129, 99625, 99624.84, 99625, 375
130, 99625, 99624.84, 99625, 375
131, 99625, 99624.84, 99625, 375
132, 99625, 99624.84, 99625, 375
133, 99625, 99624.84, 99625, 375
134, 99625, 99624.84, 99625, 375
135, 99625, 99624.84, 99625, 375
136, 99625, 99624.84, 99625, 375
137, 99625, 99624.84, 99625, 375
138, 99625, 99624.84, 99625, 375
139, 99625, 99624.84, 99625, 375
140, 99625, 99624.84, 99625, 375
141, 99625, 99624.84, 99625, 375
142, 99625, 99624.84, 99625, 375
143, 99625, 99624.84, 99625, 375
144, 99625, 99624.84, 99625, 375
145, 99625, 99624.84, 99625, 375
146, 99625, 99624.84, 99625, 375
147, 99625, 99624.84, 99625, 375
148, 99625, 99624.84, 99625, 375
149, 99625, 99624.84, 99625, 375
150, 99625, 99624.84, 99625, 375
151, 99625, 99624.84, 99625, 375
152, 99625, 99624.84, 99625, 375
153, 99625, 99624.84, 99625, 375
154, 99625, 99624.84, 99625, 375
155, 99625, 99624.84, 99625, 375
156, 99625, 99624.84, 99625, 375
157, 99625, 99624.84, 99625, 375
158, 99625, 99624.84, 99625, 375
159, 99625, 99624.84, 99625, 375
160, 99625, 99624.84, 99625, 375
161, 99625, 99624.84, 99625, 375
162, 99625, 99624.84, 99625, 375
163, 99625, 99624.84, 99625, 375
164, 99625, 99624.84, 99625, 375
165, 99625, 99624.84, 99625, 375
166, 99625, 99624.84, 99625, 375
167, 99625, 99624.84, 99625, 375
168, 99625, 99624.84, 99625, 375
169, 99625, 99624.84, 99625, 375
170, 99625, 99624.84, 99625, 375
171, 99625, 99624.84, 99625, 375
172, 99625, 99624.84, 99625, 375
173, 99625, 99624.84, 99625, 375
174, 99625, 99624.84, 99625, 375
175, 99625, 99624.84, 99625, 375
176, 99625, 99624.84, 99625, 375
177, 99625, 99624.84, 99625, 375
178, 99625, 99624.84, 99625, 375
179, 99625, 99624.84, 99625, 375
180, 99625, 99624.84, 99625, 375
181, 99625, 99624.84, 99625, 375
182, 99625, 99624.84, 99625, 375
183, 99625, 99624.84, 99625, 375
184, 99625, 99624.84, 99625, 375
185, 99625, 99624.84, 99625, 375
186, 99625, 99624.84, 99625, 375
187, 99625, 99624.84, 99625, 375
188, 99625, 99624.84, 99625, 375
189, 99625, 99624.84, 99625, 375
190, 99625, 99624.84, 99625, 375
191, 99625, 99624.84, 99625, 375
192, 99625, 99624.84, 99625, 375
193, 99625, 99624.84, 99625, 375
194, 99625, 99624.84, 99625, 375
195, 99625, 99624.84, 99625, 375
196, 99625, 99624.84, 99625, 375
197, 99625, 99624.84, 99625, 375
198, 99625, 99624.84, 99625, 375
199, 99625, 99624.84, 99625, 375
200, 99625, 99624.84, 99625, 375
201, 99625, 99624.84, 99625, 375
202, 99625, 99624.84, 99625, 375
203, 99625, 99624.84, 99625, 375
204, 99625, 99624.84, 99625, 375
205, 99625, 99624.84, 99625, 375
206, 99625, 99624.84, 99625, 375
207, 99625, 99624.84, 99625, 375
208, 99625, 99624.84, 99625, 375
209, 99625, 99624.84, 99625, 375
210, 99625, 99624.84, 99625, 375
211, 99625, 99624.84, 99625, 375
212, 99625, 99624.84, 99625, 375
213, 99625, 99624.84, 99625, 375
214, 99625, 99624.84, 99625, 375
215, 99625, 99624.84, 99625, 375
216, 99625, 99624.84, 99625, 375
217, 99625, 99624.84, 99625, 375
218, 99625, 99624.84, 99625, 375
219, 99625, 99624.84, 99625, 375
220, 99625, 99624.84, 99625, 375
221, 99625, 99624.84, 99625, 375
222, 99625, 99624.84, 99625, 375
223, 99625, 99624.84, 99625, 375
224, 99625, 99624.84, 99625, 375
225, 99625, 99624.84, 99625, 375
226, 99625, 99624.84, 99625, 375
227, 99625, 99624.84, 99625, 375
228, 99625, 99624.84, 99625, 375
229, 99625, 99624.84, 99625, 375
230, 99625, 99624.84, 99625, 375
231, 99625, 99624.84, 99625, 375
232, 99625, 99624.84, 99625, 375
233, 99625, 99624.84, 99625, 375
234, 99625, 99624.84, 99625, 375
235, 99625, 99624.84, 99625, 375
236, 99625, 99624.84, 99625, 375
237, 99625, 99624.84, 99625, 375
238, 99625, 99624.84, 99625, 375
239, 99625, 99624.84, 99625, 375
240, 99625, 99624.84, 99625, 375
241, 99625, 99624.84, 99625, 375
242, 99625, 99624.84, 99625, 375
243, 99625, 99624.84, 99625, 375
244, 99625, 99624.84, 99625, 375
245, 99625, 99624.84, 99625, 375
246, 99625, 99624.84, 99625, 375
247, 99625, 99624.84, 99625, 375
248, 99625, 99624.84, 99625, 375
249, 99625, 99624.84, 99625, 375
250, 99625, 99624.84, 99625, 375
251, 99625, 99624.84, 99625, 375
252, 99625, 99624.84, 99625, 375
253, 99625, 99624.84, 99625, 375
254, 99625, 99624.84, 99625, 375
255, 99625, 99624.84, 99625, 375
256, 99625, 99624.84, 99625, 375
257, 99625, 99624.84, 99625, 375
258, 99625, 99624.84, 99625, 375
259, 99625, 99624.84, 99625, 375
260, 99625, 99624.84, 99625, 375
261, 99625, 99624.84, 99625, 375
262, 99625, 99624.84, 99625, 375
263, 99625, 99624.84, 99625, 375
264, 99625, 99624.84, 99625, 375
265, 99625, 99624.84, 99625, 375
266, 99625, 99624.84, 99625, 375
267, 99625, 99624.84, 99625, 375
268, 99625, 99624.84, 99625, 375
269, 99625, 99624.84, 99625, 375
270, 99625, 99624.84, 99625, 375
271, 99625, 99624.84, 99625, 375
272, 99625, 99624.84, 99625, 375
273, 99625, 99624.84, 99625, 375
274, 99625, 99624.84, 99625, 375
275, 99625, 99624.84, 99625, 375
276, 99625, 99624.84, 99625, 375
277, 99625, 99624.84, 99625, 375
278, 99625, 99624.84, 99625, 375
279, 99625, 99624.84, 99625, 375
280, 99625, 99624.84, 99625, 375
281, 99625, 99624.84, 99625, 375
282, 99625, 99624.84, 99625, 375
283, 99625, 99624.84, 99625, 375
284, 99625, 99624.84, 99625, 375
285, 99625, 99624.84, 99625, 375
286, 99625, 99624.84, 99625, 375
287, 99625, 99624.84, 99625, 375
288, 99625, 99624.84, 99625, 375
289, 99625, 99624.84, 99625, 375
290, 99625, 99624.84, 99625, 375
291, 99625, 99624.84, 99625, 375
292, 99625, 99624.84, 99625, 375
293, 99625, 99624.84, 99625, 375
294, 99625, 99624.84, 99625, 375
295, 99625, 99624.84, 99625, 375
296, 99625, 99624.84, 99625, 375
297, 99625, 99624.84, 99625, 375
298, 99625, 99624.84, 99625, 375
299, 99625, 99624.84, 99625, 375
300, 99625, 99624.84, 99625, 375
301, 99625, 99624.84, 99625, 375
302, 99625, 99624.84, 99625, 375
303, 99625, 99624.84, 99625, 375
304, 99625, 99624.84, 99625, 375
305, 99625, 99624.84, 99625, 375
306, 99625, 99624.84, 99625, 375
307, 99625, 99624.84, 99625, 375
308, 99625, 99624.84, 99625, 375
309, 99625, 99624.84, 99625, 375
310, 99625, 99624.84, 99625, 375
311, 99625, 99624.84, 99625, 375
312, 99625, 99624.84, 99625, 375
313, 99625, 99624.84, 99625, 375
314, 99625, 99624.84, 99625, 375
315, 99625, 99624.84, 99625, 375
316, 99625, 99624.84, 99625, 375
317, 99625, 99624.84, 99625, 375
318, 99625, 99624.84, 99625, 375
319, 99625, 99624.84, 99625, 375
320, 99625, 99624.84, 99625, 375
321, 99625, 99624.84, 99625, 375
322, 99625, 99624.84, 99625, 375
323, 99625, 99624.84, 99625, 375
324, 99625, 99624.84, 99625, 375
325, 99625, 99624.84, 99625, 375
326, 99625, 99624.84, 99625, 375
327, 99625, 99624.84, 99625, 375
328, 99625, 99624.84, 99625, 375
329, 99625, 99624.84, 99625, 375
330, 99625, 99624.84, 99625, 375
331, 99625, 99624.84, 99625, 375
332, 99625, 99624.84, 99625, 375
333, 99625, 99624.84, 99625, 375
334, 99625, 99624.84, 99625, 375
335, 99625, 99624.84, 99625, 375
336, 99625, 99624.84, 99625, 375
337, 99625, 99624.84, 99625, 375
338, 99625, 99624.84, 99625, 375
339, 99625, 99624.84, 99625, 375
340, 99625, 99624.84, 99625, 375
341, 99625, 99624.84, 99625, 375
342, 99625, 99624.84, 99625, 375
343, 99625, 99624.84, 99625, 375
344, 99625, 99624.84, 99625, 375
345, 99625, 99624.84, 99625, 375
346, 99625, 99624.84, 99625, 375
347, 99625, 99624.84, 99625, 375
348, 99625, 99624.84, 99625, 375
349, 99625, 99624.84, 99625, 375
350, 99625, 99624.84, 99625, 375
351, 99625, 99624.84, 99625, 375
352, 99625, 99624.84, 99625, 375
353, 99625, 99624.84, 99625, 375
354, 99625, 99624.84, 99625, 375
355, 99625, 99624.84, 99625, 375
356, 99625, 99624.84, 99625, 375
357, 99625, 99624.84, 99625, 375
358, 99625, 99624.84, 99625, 375
359, 99625, 99624.84, 99625, 375
360, 99625, 99624.84, 99625, 375
361, 99625, 99624.84, 99625, 375
362, 99625, 99624.84, 99625, 375
363, 99625, 99624.84, 99625, 375
364, 99625, 99624.84, 99625, 375
365, 99625, 99624.84, 99625, 375
366, 99625, 99624.84, 99625, 375
367, 99625, 99624.84, 99625, 375
368, 99625, 99624.84, 99625, 375
369, 99625, 99624.84, 99625, 375
370, 99625, 99624.84, 99625, 375
371, 99625, 99624.84, 99625, 375
372, 99625, 99624.84, 99625, 375
373, 99625, 99624.84, 99625, 375
374, 99625, 99624.84, 99625, 375
375, 99625, 99624.84, 99625, 375
376, 99625, 99624.84, 99625, 375
377, 99625, 99624.84, 99625, 375
378, 99625, 99624.84, 99625, 375
379, 99625, 99624.84, 99625, 375
380, 99625, 99624.84, 99625, 375
381, 99625, 99624.84, 99625, 375
382, 99625, 99624.84, 99625, 375
383, 99625, 99624.84, 99625, 375
384, 99625, 99624.84, 99625, 375
385, 99625, 99624.84, 99625, 375
386, 99625, 99624.84, 99625, 375
387, 99625, 99624.84, 99625, 375
388, 99625, 99624.84, 99625, 375
389, 99625, 99624.84, 99625, 375
390, 99625, 99624.84, 99625, 375
391, 99625, 99624.84, 99625, 375
392, 99625, 99624.84, 99625, 375
393, 99625, 99624.84, 99625, 375
394, 99625, 99624.84, 99625, 375
395, 99625, 99624.84, 99625, 375
396, 99625, 99624.84, 99625, 375
397, 99625, 99624.84, 99625, 375
398, 99625, 99624.84, 99625, 375
399, 99625, 99624.84, 99625, 375
